{
    "camera_matrix": [
        [
            849.1274693749253,
            0.0,
            814.5476143266375
        ],
        [
            0.0,
            841.0846334849906,
            616.5105758858437
        ],
        [
            0.0,
            0.0,
            1.0
        ]
    ],
    "dist_coeffs": [
        -0.1285525942700174,
        0.02497603265688913,
        0.008794867422604234,
        0.016015598225423082,
        -0.0006761874368819685
    ],
    "homography": null,
    "width": 1640,
    "height": 1232
}