{
    "camera_matrix": [
        [
            1076.4459524082592,
            0.0,
            621.7927015314689
        ],
        [
            0.0,
            1074.978367519355,
            359.7698377158356
        ],
        [
            0.0,
            0.0,
            1.0
        ]
    ],
    "dist_coeffs": [
        -0.23732659858435895,
        -0.2787495472840418,
        -0.009977825213521337,
        0.00048385082889193065,
        0.4848616005584634
    ],
    "homography": null,
    "width": 1280,
    "height": 720
}