{
    "camera_matrix": [
        [
            [372.1, 0.0, 640.0],
            [0.0, 278.7, 360.0],
            [0.0, 0.0, 1.0]
        ]
    ],
    "dist_coeffs": [
        -0.23732659858435895,
        -0.2787495472840418,
        -0.009977825213521337,
        0.00048385082889193065,
        0.4848616005584634
    ],
    "homography": null,
    "width": 1280,
    "height": 720
}